system:index,date_edit,kdkab,skin_temperature,soil_temperature_level_1,soil_temperature_level_2,soil_temperature_level_3,soil_temperature_level_4,temperature_2m,total_precipitation,.geo,produksi,Produktivitas
0,1/1/2019,1,20.0874326,20.5393231,20.5293903,20.5041455,20.4618257,19.9862136,0.009786225,"{""type"":""MultiPoint"",""coordinates"":[]}",6153.01,5.554060153
1,2/1/2019,1,20.2881787,20.7198194,20.6976936,20.6398145,20.5197874,20.1107824,0.012938775,"{""type"":""MultiPoint"",""coordinates"":[]}",4714.86,5.551139106
2,3/1/2019,1,20.3442485,20.8368495,20.8114366,20.7378978,20.6037975,20.3299366,0.008058918,"{""type"":""MultiPoint"",""coordinates"":[]}",12925.46,5.555013087
3,4/1/2019,1,20.6835153,21.0704224,21.0185054,20.9004959,20.711864,20.5545825,0.012861702,"{""type"":""MultiPoint"",""coordinates"":[]}",14549.35,5.555010423
4,5/1/2019,1,20.9217292,21.3937567,21.3677235,21.2432277,20.9139019,20.8179561,0.005004098,"{""type"":""MultiPoint"",""coordinates"":[]}",10814.99,5.338020661
5,6/1/2019,1,20.5264966,20.9485587,20.9579411,20.9949239,21.0011923,20.3933405,0.011216519,"{""type"":""MultiPoint"",""coordinates"":[]}",10478.13,5.336237892
6,7/1/2019,1,20.09724,20.6421728,20.6848287,20.8021634,20.9545354,20.1551121,0.004155956,"{""type"":""MultiPoint"",""coordinates"":[]}",9580.34,5.337117836
7,8/1/2019,1,20.2250779,20.7485086,20.7483941,20.7577105,20.8474994,20.2598493,0.004284778,"{""type"":""MultiPoint"",""coordinates"":[]}",12222.28,5.337683039
8,9/1/2019,1,20.4427902,21.0031879,20.9792591,20.9129323,20.8384903,20.5148845,0.003119682,"{""type"":""MultiPoint"",""coordinates"":[]}",6061.22,4.763537197
9,10/1/2019,1,20.4688784,20.9953058,20.9860447,20.9609389,20.892849,20.3504077,0.00658931,"{""type"":""MultiPoint"",""coordinates"":[]}",3803.27,4.764211449
10,11/1/2019,1,20.579732,21.0751431,21.0397232,20.9833911,20.9396295,20.4244513,0.007635987,"{""type"":""MultiPoint"",""coordinates"":[]}",1595.87,4.764217691
11,12/1/2019,1,20.0386182,20.4912401,20.5453651,20.6818219,20.8856414,19.8726505,0.015542436,"{""type"":""MultiPoint"",""coordinates"":[]}",5786.9,4.764213854
12,1/1/2019,2,23.5063252,24.0661028,24.0770762,24.110982,24.081346,23.3283123,0.009954316,"{""type"":""MultiPoint"",""coordinates"":[]}",2686.67,4.195365324
13,2/1/2019,2,23.6464128,24.1837343,24.1579883,24.1043746,24.0808725,23.3040079,0.011964925,"{""type"":""MultiPoint"",""coordinates"":[]}",2708.38,4.202426763
14,3/1/2019,2,23.9303757,24.515999,24.4773884,24.359649,24.1572146,23.785636,0.007914699,"{""type"":""MultiPoint"",""coordinates"":[]}",3614.87,4.159995857
15,4/1/2019,2,24.0884256,24.5932595,24.5506289,24.459748,24.2854503,23.8692329,0.012663703,"{""type"":""MultiPoint"",""coordinates"":[]}",7998.85,4.040231336
16,5/1/2019,2,24.2069033,24.7866682,24.7805841,24.7110061,24.4534933,24.1171464,0.005385707,"{""type"":""MultiPoint"",""coordinates"":[]}",2554.37,4.126874111
17,6/1/2019,2,23.6626026,24.2215209,24.25255,24.348637,24.4714403,23.590596,0.00800391,"{""type"":""MultiPoint"",""coordinates"":[]}",206.64,4.122082585
18,7/1/2019,2,23.1076873,23.7412564,23.8141469,24.0227172,24.3438352,23.2379188,0.00380726,"{""type"":""MultiPoint"",""coordinates"":[]}",1007.31,4.118024611
19,8/1/2019,2,23.8836627,24.399456,24.3450827,24.2121997,24.1876701,23.9475294,0.002159712,"{""type"":""MultiPoint"",""coordinates"":[]}",1476.68,4.121120786
20,9/1/2019,2,24.8697525,25.4131875,25.2689913,24.8873828,24.3517538,24.7043879,0.002440903,"{""type"":""MultiPoint"",""coordinates"":[]}",51.33,3.475287745
21,10/1/2019,2,24.3224074,24.9368339,24.9227849,24.8818045,24.6188977,24.1433815,0.005116688,"{""type"":""MultiPoint"",""coordinates"":[]}",414.04,3.475239214
22,11/1/2019,2,24.2400098,24.8296775,24.7939147,24.7444596,24.7063197,23.9871232,0.007810429,"{""type"":""MultiPoint"",""coordinates"":[]}",1934.26,3.851879879
23,12/1/2019,2,23.3837167,24.0045151,24.0918951,24.3172597,24.6269891,23.1574513,0.011694898,"{""type"":""MultiPoint"",""coordinates"":[]}",480.11,3.475280492
24,1/1/2019,3,25.736813,26.3840544,26.4216793,26.5281018,26.5646924,25.3830796,0.008595135,"{""type"":""MultiPoint"",""coordinates"":[]}",4136.72,3.80699607
25,2/1/2019,3,25.8701921,26.4710133,26.4516639,26.414268,26.5021355,25.2801624,0.01083932,"{""type"":""MultiPoint"",""coordinates"":[]}",3078.83,3.809018929
26,3/1/2019,3,26.3759547,27.0035878,26.9492162,26.7899982,26.5499483,25.8760755,0.007647562,"{""type"":""MultiPoint"",""coordinates"":[]}",4485.19,3.808852128
27,4/1/2019,3,26.3981819,26.9863906,26.9484346,26.8813918,26.6909805,25.9150704,0.012735404,"{""type"":""MultiPoint"",""coordinates"":[]}",1288.97,3.8036178
28,5/1/2019,3,26.4366538,27.0853444,27.0998084,27.0583419,26.8284424,26.112946,0.006213508,"{""type"":""MultiPoint"",""coordinates"":[]}",0,0
29,6/1/2019,3,25.7736078,26.3726637,26.4125538,26.5552083,26.7983643,25.6051689,0.005499044,"{""type"":""MultiPoint"",""coordinates"":[]}",751.88,3.524988279
30,7/1/2019,3,25.3395078,26.0098359,26.0885043,26.3062503,26.6479746,25.3237821,0.003535538,"{""type"":""MultiPoint"",""coordinates"":[]}",1937.93,3.681827681
31,8/1/2019,3,26.8822716,27.3749786,27.2266333,26.8440525,26.5481264,26.6472709,0.001764683,"{""type"":""MultiPoint"",""coordinates"":[]}",2658.42,3.605810705
32,9/1/2019,3,27.9341004,28.4969196,28.2911621,27.7451505,26.8739587,27.2367326,0.002104694,"{""type"":""MultiPoint"",""coordinates"":[]}",277.89,3.740611119
33,10/1/2019,3,27.1049841,27.74298,27.7197046,27.6604026,27.2457036,26.6144694,0.005078659,"{""type"":""MultiPoint"",""coordinates"":[]}",1183.57,3.925995953
34,11/1/2019,3,26.7727692,27.4381835,27.4205859,27.4115567,27.3678272,26.1348467,0.006886776,"{""type"":""MultiPoint"",""coordinates"":[]}",735.83,3.940187416
35,12/1/2019,3,25.5030679,26.2304966,26.3684116,26.7306186,27.2402189,25.1034408,0.009652182,"{""type"":""MultiPoint"",""coordinates"":[]}",81.88,3.740520786
36,1/1/2019,4,26.2850597,26.9568607,27.0137991,27.1621977,27.2365829,25.9305029,0.006743773,"{""type"":""MultiPoint"",""coordinates"":[]}",535.88,4.581737346
37,2/1/2019,4,26.4177334,26.9992782,26.9896912,26.978017,27.1336864,25.8482253,0.008383745,"{""type"":""MultiPoint"",""coordinates"":[]}",530.47,4.581706685
38,3/1/2019,4,27.1054117,27.7116473,27.6401337,27.4397612,27.1689186,26.5036696,0.006583249,"{""type"":""MultiPoint"",""coordinates"":[]}",763.14,4.538717735
39,4/1/2019,4,27.0447327,27.597641,27.5563388,27.4951433,27.3198051,26.4744261,0.010327806,"{""type"":""MultiPoint"",""coordinates"":[]}",1370.48,4.581706339
40,5/1/2019,4,27.1091071,27.7502064,27.769786,27.7293029,27.468204,26.7174187,0.00594803,"{""type"":""MultiPoint"",""coordinates"":[]}",474.49,3.253050871
41,6/1/2019,4,26.4960044,27.0815798,27.1051728,27.2075101,27.4386046,26.2792043,0.005661265,"{""type"":""MultiPoint"",""coordinates"":[]}",251.11,3.253141599
42,7/1/2019,4,26.2729116,26.9366312,26.9852342,27.1202353,27.3297277,26.2384326,0.003022392,"{""type"":""MultiPoint"",""coordinates"":[]}",2332.2,3.253082631
43,8/1/2019,4,28.3724405,28.872223,28.6239059,27.9919755,27.3502032,28.0312033,0.001176116,"{""type"":""MultiPoint"",""coordinates"":[]}",6353.38,3.26462261
44,9/1/2019,4,29.6631618,30.2985093,30.0339676,29.3030045,27.9193086,28.6988933,0.002410872,"{""type"":""MultiPoint"",""coordinates"":[]}",1243.54,2.756744774
45,10/1/2019,4,27.7558706,28.4391279,28.4612446,28.5672915,28.354476,27.1196386,0.004871145,"{""type"":""MultiPoint"",""coordinates"":[]}",1673.07,2.761251671
46,11/1/2019,4,27.322325,28.0037917,28.0285826,28.1488518,28.3547381,26.5747988,0.005909043,"{""type"":""MultiPoint"",""coordinates"":[]}",0,0
47,12/1/2019,4,25.9231823,26.6634953,26.8412803,27.3211979,28.0877683,25.5403909,0.008050345,"{""type"":""MultiPoint"",""coordinates"":[]}",56.05,4.118295371
48,1/1/2019,5,26.0584051,26.6423774,26.6985658,26.842396,26.913309,25.9282043,0.007253516,"{""type"":""MultiPoint"",""coordinates"":[]}",405.04,4.427150508
49,2/1/2019,5,25.9820546,26.4989932,26.5100555,26.5597321,26.7917515,25.7318236,0.009937212,"{""type"":""MultiPoint"",""coordinates"":[]}",149.24,4.427172946
50,3/1/2019,5,26.7570555,27.2883543,27.2220123,27.0357001,26.7936517,26.5019928,0.006290911,"{""type"":""MultiPoint"",""coordinates"":[]}",831.2,4.427163782
51,4/1/2019,5,26.6508599,27.125054,27.0953752,27.0594962,26.9344438,26.3582294,0.01031701,"{""type"":""MultiPoint"",""coordinates"":[]}",0,0
52,5/1/2019,5,26.7530616,27.308486,27.3215221,27.280782,27.0622975,26.5881897,0.006552685,"{""type"":""MultiPoint"",""coordinates"":[]}",0,0
53,6/1/2019,5,26.2594912,26.7468224,26.758918,26.826674,27.0260406,26.2143854,0.0057898,"{""type"":""MultiPoint"",""coordinates"":[]}",0,0
54,7/1/2019,5,26.3898418,26.967294,26.9561556,26.9442491,26.9691352,26.4205435,0.002632753,"{""type"":""MultiPoint"",""coordinates"":[]}",212.82,2.456938351
55,8/1/2019,5,28.501921,28.9950342,28.7375587,28.0554247,27.1596336,28.159274,0.001215344,"{""type"":""MultiPoint"",""coordinates"":[]}",2194.88,2.456991895
56,9/1/2019,5,29.238,29.8567763,29.6499068,29.0420336,27.7926055,28.5674409,0.002356041,"{""type"":""MultiPoint"",""coordinates"":[]}",2788.72,2.880581752
57,10/1/2019,5,27.6410964,28.2734059,28.2823621,28.3483873,28.1744808,27.241079,0.004847143,"{""type"":""MultiPoint"",""coordinates"":[]}",1864.71,2.880572806
58,11/1/2019,5,26.9438371,27.5746515,27.6368649,27.8422949,28.1400588,26.5757181,0.007258455,"{""type"":""MultiPoint"",""coordinates"":[]}",233.5,2.880582285
59,12/1/2019,5,25.6310495,26.2670125,26.4428699,26.9343292,27.7813147,25.4893641,0.011020859,"{""type"":""MultiPoint"",""coordinates"":[]}",249.4,2.880572881
60,1/1/2019,6,26.0990577,26.5963152,26.6440315,26.7665741,26.8044118,26.1444608,0.0079858,"{""type"":""MultiPoint"",""coordinates"":[]}",1403.97,4.087843937
61,2/1/2019,6,26.1027474,26.5666734,26.5602327,26.5555584,26.7080313,26.0559464,0.010822555,"{""type"":""MultiPoint"",""coordinates"":[]}",3416,4.087835816
62,3/1/2019,6,26.8059315,27.2881904,27.2209418,27.0350685,26.751866,26.7518018,0.006206194,"{""type"":""MultiPoint"",""coordinates"":[]}",12410.28,4.086845988
63,4/1/2019,6,26.6588971,27.0719854,27.0494312,27.0181149,26.9003662,26.5689465,0.011061177,"{""type"":""MultiPoint"",""coordinates"":[]}",4496.06,4.085841512
64,5/1/2019,6,26.7963268,27.2689156,27.2757271,27.222923,27.0224898,26.792763,0.007569943,"{""type"":""MultiPoint"",""coordinates"":[]}",1304.67,4.424710032
65,6/1/2019,6,26.3084117,26.7187802,26.7313002,26.7990529,26.9880464,26.3950692,0.007419652,"{""type"":""MultiPoint"",""coordinates"":[]}",33.12,4.3521682
66,7/1/2019,6,26.6842242,27.1973774,27.1551529,27.0597773,26.9624259,26.7103686,0.002934464,"{""type"":""MultiPoint"",""coordinates"":[]}",3724.57,4.428686936
67,8/1/2019,6,28.236293,28.7576419,28.5602302,28.0201376,27.2030278,27.9842762,0.00146418,"{""type"":""MultiPoint"",""coordinates"":[]}",1866.65,4.428693445
68,9/1/2019,6,28.5338682,29.1797676,29.0571239,28.658184,27.738803,28.1523608,0.002634347,"{""type"":""MultiPoint"",""coordinates"":[]}",5428.7,5.030160392
69,10/1/2019,6,27.1021702,27.7140399,27.7510449,27.89872,27.9737771,26.9722779,0.006495879,"{""type"":""MultiPoint"",""coordinates"":[]}",141.23,4.958918539
70,11/1/2019,6,26.7347657,27.292911,27.3404562,27.5005386,27.8433969,26.6260276,0.008977316,"{""type"":""MultiPoint"",""coordinates"":[]}",132.54,5.029981025
71,12/1/2019,6,25.5402355,26.0798373,26.2407558,26.6880688,27.4712223,25.5969973,0.01411775,"{""type"":""MultiPoint"",""coordinates"":[]}",0,0
72,1/1/2019,7,25.6953803,26.341841,26.3980574,26.5362055,26.5796064,25.6391291,0.006579771,"{""type"":""MultiPoint"",""coordinates"":[]}",129.57,4.390715012
73,2/1/2019,7,25.8787225,26.4536784,26.433534,26.3935231,26.4950278,25.6774389,0.007677682,"{""type"":""MultiPoint"",""coordinates"":[]}",2531.09,4.390823142
74,3/1/2019,7,26.4269876,27.0399698,26.9750505,26.8002889,26.5470518,26.2192097,0.006058667,"{""type"":""MultiPoint"",""coordinates"":[]}",2234.71,4.389616767
75,4/1/2019,7,26.4641328,26.9874424,26.9433781,26.856461,26.6832339,26.2091038,0.010459364,"{""type"":""MultiPoint"",""coordinates"":[]}",6661.98,4.390420393
76,5/1/2019,7,26.6193616,27.2258709,27.2279203,27.1520287,26.8522038,26.450027,0.006213477,"{""type"":""MultiPoint"",""coordinates"":[]}",8146.94,4.058534593
77,6/1/2019,7,26.0622865,26.6294789,26.6446166,26.7121664,26.8599796,26.0432587,0.006350323,"{""type"":""MultiPoint"",""coordinates"":[]}",5852.65,4.058506175
78,7/1/2019,7,25.9857306,26.6456363,26.659189,26.7103321,26.8014431,26.1067168,0.002699997,"{""type"":""MultiPoint"",""coordinates"":[]}",5276.58,4.058501842
79,8/1/2019,7,27.9332114,28.4794917,28.2389131,27.6157905,26.9020011,27.7380939,0.001116786,"{""type"":""MultiPoint"",""coordinates"":[]}",752.2,4.058487105
80,9/1/2019,7,28.9101698,29.5793478,29.3787615,28.7623826,27.4705778,28.2545541,0.002653845,"{""type"":""MultiPoint"",""coordinates"":[]}",688.11,3.740541422
81,10/1/2019,7,26.5068669,27.2292122,27.3112544,27.6081373,27.7713122,26.3023181,0.005936533,"{""type"":""MultiPoint"",""coordinates"":[]}",28.2,3.74005305
82,11/1/2019,7,26.3445123,27.0044961,27.0407289,27.2094632,27.6036896,26.0602377,0.00695756,"{""type"":""MultiPoint"",""coordinates"":[]}",99.54,3.740698985
83,12/1/2019,7,25.2313027,25.9070456,26.067574,26.5020042,27.2633634,25.149275,0.01003429,"{""type"":""MultiPoint"",""coordinates"":[]}",208.95,3.740601504
84,1/1/2019,8,25.7550141,26.3295602,26.374988,26.4881777,26.4580712,25.6445881,0.007194205,"{""type"":""MultiPoint"",""coordinates"":[]}",1276.68,3.398046366
85,2/1/2019,8,25.9362703,26.4584607,26.434833,26.3747208,26.4076433,25.6217859,0.008726205,"{""type"":""MultiPoint"",""coordinates"":[]}",2211.31,3.398042289
86,3/1/2019,8,26.4949957,27.0462637,26.9869621,26.8077178,26.5005887,26.2323074,0.006210092,"{""type"":""MultiPoint"",""coordinates"":[]}",617.62,3.601282799
87,4/1/2019,8,26.4304033,26.9122551,26.8684513,26.797443,26.6523338,26.0905662,0.010487035,"{""type"":""MultiPoint"",""coordinates"":[]}",911.66,3.486938229
88,5/1/2019,8,26.5848963,27.1483187,27.1554599,27.0905717,26.8115846,26.4265421,0.005724852,"{""type"":""MultiPoint"",""coordinates"":[]}",1764.71,4.052333058
89,6/1/2019,8,25.9448184,26.4638746,26.4849751,26.5794232,26.789997,25.8697081,0.007492435,"{""type"":""MultiPoint"",""coordinates"":[]}",1078.45,4.05234284
90,7/1/2019,8,25.7459043,26.3574843,26.4036155,26.5233785,26.6950275,25.866124,0.003194139,"{""type"":""MultiPoint"",""coordinates"":[]}",4779.21,4.052341504
91,8/1/2019,8,27.2011634,27.669205,27.5140355,27.1192985,26.6952289,27.180209,0.001370305,"{""type"":""MultiPoint"",""coordinates"":[]}",3444.26,4.054885156
92,9/1/2019,8,28.2843211,28.8373184,28.6615811,28.1320639,27.1243239,27.9041887,0.002628016,"{""type"":""MultiPoint"",""coordinates"":[]}",552.14,3.740532484
93,10/1/2019,8,26.5166536,27.162229,27.2122314,27.3930851,27.4223519,26.2650442,0.006108559,"{""type"":""MultiPoint"",""coordinates"":[]}",1395.49,3.740558072
94,11/1/2019,8,26.3601624,26.9562725,26.965305,27.0542085,27.3257019,26.0417174,0.007100098,"{""type"":""MultiPoint"",""coordinates"":[]}",229.25,4.118016885
95,12/1/2019,8,25.2216972,25.8527766,26.002915,26.4018735,27.0524089,25.0409732,0.011851652,"{""type"":""MultiPoint"",""coordinates"":[]}",668.06,3.740537514
96,1/1/2019,9,24.8029617,25.3461468,25.3745945,25.4532791,25.4123145,24.5844711,0.007751741,"{""type"":""MultiPoint"",""coordinates"":[]}",1765.34,4.154620979
97,2/1/2019,9,24.9945728,25.5003531,25.4691084,25.388789,25.3808997,24.6070228,0.009920098,"{""type"":""MultiPoint"",""coordinates"":[]}",2195.14,4.153686043
98,3/1/2019,9,25.4453539,25.9910579,25.9393569,25.7821242,25.491508,25.2333855,0.006188424,"{""type"":""MultiPoint"",""coordinates"":[]}",3658.36,4.150576917
99,4/1/2019,9,25.4368484,25.9335843,25.8942118,25.8171282,25.6439599,25.1382967,0.011461035,"{""type"":""MultiPoint"",""coordinates"":[]}",3010.06,4.074586458
100,5/1/2019,9,25.5872296,26.1419592,26.1357382,26.062168,25.8067539,25.4603763,0.005759337,"{""type"":""MultiPoint"",""coordinates"":[]}",622.1,3.912332558
101,6/1/2019,9,24.9852437,25.5125825,25.5421596,25.6404713,25.8029871,24.8797892,0.007804126,"{""type"":""MultiPoint"",""coordinates"":[]}",246.11,3.442097902
102,7/1/2019,9,24.529067,25.1388989,25.2075397,25.3989942,25.6839731,24.6764928,0.002887732,"{""type"":""MultiPoint"",""coordinates"":[]}",2560.3,3.485440462
103,8/1/2019,9,25.7058467,26.1605381,26.0550268,25.7890595,25.5879634,25.7317214,0.001772462,"{""type"":""MultiPoint"",""coordinates"":[]}",1510.16,3.453846858
104,9/1/2019,9,26.7879812,27.2750145,27.1109434,26.6545011,25.8809085,26.5206529,0.002579268,"{""type"":""MultiPoint"",""coordinates"":[]}",328.38,3.545454545
105,10/1/2019,9,25.5295858,26.1252269,26.1468356,26.2306088,26.1515596,25.374285,0.005016313,"{""type"":""MultiPoint"",""coordinates"":[]}",0,0
106,11/1/2019,9,25.4850864,26.0500702,26.0348389,26.0472455,26.1439238,25.1949469,0.006993807,"{""type"":""MultiPoint"",""coordinates"":[]}",127.58,3.601919819
107,12/1/2019,9,24.3340854,24.9495958,25.0783741,25.4204853,25.9534047,24.1473421,0.01300761,"{""type"":""MultiPoint"",""coordinates"":[]}",858.81,3.847025623
108,1/1/2019,71,26.1542351,26.8064411,26.8619965,27.0076522,27.0825144,25.8848009,0.007165063,"{""type"":""MultiPoint"",""coordinates"":[]}",36.13,4.427696078
109,2/1/2019,71,26.1523112,26.7010601,26.7069134,26.7388117,26.9522697,25.7133296,0.009373227,"{""type"":""MultiPoint"",""coordinates"":[]}",0,0
110,3/1/2019,71,26.9605072,27.5281437,27.453652,27.2473402,26.9727498,26.5083962,0.00595943,"{""type"":""MultiPoint"",""coordinates"":[]}",8.41,4.426315789
111,4/1/2019,71,26.9082094,27.3968531,27.3625558,27.3102298,27.1449076,26.3966487,0.01005487,"{""type"":""MultiPoint"",""coordinates"":[]}",0,0
112,5/1/2019,71,26.9822711,27.5581958,27.5716156,27.5356273,27.3038005,26.5995086,0.006291807,"{""type"":""MultiPoint"",""coordinates"":[]}",0,0
113,6/1/2019,71,26.4223462,26.9599615,26.975185,27.0488183,27.260768,26.2194508,0.005391311,"{""type"":""MultiPoint"",""coordinates"":[]}",0,0
114,7/1/2019,71,26.3330087,26.9718559,26.9928572,27.0550122,27.1748306,26.3647479,0.002368732,"{""type"":""MultiPoint"",""coordinates"":[]}",11.85,4.128919861
115,8/1/2019,71,28.3193563,28.9828943,28.7103961,28.0607491,27.2808705,28.0897149,0.001189485,"{""type"":""MultiPoint"",""coordinates"":[]}",115.62,4.127811496
116,9/1/2019,71,29.3228247,30.1476198,29.8790565,29.2025089,27.9176674,28.5127444,0.002319179,"{""type"":""MultiPoint"",""coordinates"":[]}",319.36,3.132515939
117,10/1/2019,71,27.6115075,28.3056914,28.3261655,28.4313856,28.3206864,27.1448932,0.004628268,"{""type"":""MultiPoint"",""coordinates"":[]}",501.4,3.124376869
118,11/1/2019,71,27.1829398,27.8460836,27.8856307,28.041174,28.2859867,26.5483606,0.006205959,"{""type"":""MultiPoint"",""coordinates"":[]}",58.43,3.12459893
119,12/1/2019,71,25.7897677,26.4796938,26.6503082,27.1259174,27.9493989,25.4895208,0.010128264,"{""type"":""MultiPoint"",""coordinates"":[]}",0,0
120,1/1/2019,72,20.7481991,21.1899724,21.1589372,21.0778339,21.0126313,20.7536177,0.009676019,"{""type"":""MultiPoint"",""coordinates"":[]}",7565.38,6.858849874
121,2/1/2019,72,21.0652842,21.4967829,21.4623352,21.3566975,21.12437,20.9641893,0.014649023,"{""type"":""MultiPoint"",""coordinates"":[]}",4828.22,6.858851607
122,3/1/2019,72,20.9380864,21.4476453,21.4297326,21.3812886,21.2457879,21.0041129,0.008567602,"{""type"":""MultiPoint"",""coordinates"":[]}",2748.07,6.858857884
123,4/1/2019,72,21.2242889,21.6369672,21.5922917,21.4918037,21.3328966,21.2404131,0.012742206,"{""type"":""MultiPoint"",""coordinates"":[]}",1173,6.858846918
124,5/1/2019,72,21.496683,21.9683653,21.9403268,21.8127593,21.5086966,21.4876772,0.005730676,"{""type"":""MultiPoint"",""coordinates"":[]}",4178.66,5.993746145
125,6/1/2019,72,21.1661471,21.5897435,21.597805,21.6293798,21.6041158,21.1036293,0.014420237,"{""type"":""MultiPoint"",""coordinates"":[]}",1785.3,5.993755456
126,7/1/2019,72,20.8425071,21.3914368,21.4232811,21.5011749,21.5840027,20.88302,0.005085743,"{""type"":""MultiPoint"",""coordinates"":[]}",5464.62,5.993748081
127,8/1/2019,72,20.6616832,21.2089072,21.2249891,21.2918888,21.4756317,20.6927752,0.006349546,"{""type"":""MultiPoint"",""coordinates"":[]}",4534.45,5.993747769
128,9/1/2019,72,21.0154344,21.5726822,21.5467212,21.4767035,21.4267811,21.0423886,0.003334982,"{""type"":""MultiPoint"",""coordinates"":[]}",1644.53,4.596483873
129,10/1/2019,72,20.9986243,21.5328642,21.5363576,21.54069,21.4832366,20.9071476,0.009443396,"{""type"":""MultiPoint"",""coordinates"":[]}",1421.56,4.596501439
130,11/1/2019,72,21.1160592,21.6119119,21.5766189,21.523001,21.5065019,21.0332725,0.009397552,"{""type"":""MultiPoint"",""coordinates"":[]}",580.03,4.596481496
131,12/1/2019,72,20.8091301,21.2352067,21.2692024,21.3537819,21.4791095,20.6963829,0.020269795,"{""type"":""MultiPoint"",""coordinates"":[]}",1228.55,4.596490572
132,1/1/2020,1,20.4789161,20.893479,20.8661781,20.8292056,20.8054259,20.3792285,0.008857821,"{""type"":""MultiPoint"",""coordinates"":[]}",9650.93,5.309068005
133,2/1/2020,1,20.7002359,21.1345359,21.0941371,20.9715554,20.85521,20.5877906,0.012360339,"{""type"":""MultiPoint"",""coordinates"":[]}",8430.05,5.305121331
134,3/1/2020,1,20.8658953,21.3471306,21.3284773,21.2606766,21.0064046,20.725131,0.013374293,"{""type"":""MultiPoint"",""coordinates"":[]}",6859.31,5.309063467
135,4/1/2020,1,20.8226619,21.2539039,21.2456407,21.2114306,21.1074547,20.6280137,0.014713697,"{""type"":""MultiPoint"",""coordinates"":[]}",5703.1,5.309061459
136,5/1/2020,1,20.8987947,21.2893109,21.2611521,21.2030829,21.1488458,20.8758358,0.013599084,"{""type"":""MultiPoint"",""coordinates"":[]}",6373.6,4.873528062
137,6/1/2020,1,20.3405892,20.8255491,20.8792043,21.0178651,21.1619172,20.3267766,0.011070056,"{""type"":""MultiPoint"",""coordinates"":[]}",13798.43,4.873531593
138,7/1/2020,1,20.0521771,20.5575263,20.6016918,20.7381624,20.9963932,20.00073,0.007099264,"{""type"":""MultiPoint"",""coordinates"":[]}",17465.42,4.873531209
139,8/1/2020,1,20.6266446,21.111202,21.0645327,20.9654832,20.9118489,20.6249939,0.006002251,"{""type"":""MultiPoint"",""coordinates"":[]}",7086.09,4.8720066
140,9/1/2020,1,20.0935781,20.5846769,20.6143013,20.7157963,20.8874267,19.9938951,0.013883829,"{""type"":""MultiPoint"",""coordinates"":[]}",3908.61,5.518998602
141,10/1/2020,1,20.0624718,20.5434796,20.5788819,20.6678219,20.7807383,19.9475106,0.011324796,"{""type"":""MultiPoint"",""coordinates"":[]}",2094.79,5.518995679
142,11/1/2020,1,19.9830812,20.4206897,20.4530043,20.5452662,20.6914655,19.8938671,0.01350744,"{""type"":""MultiPoint"",""coordinates"":[]}",9730.98,5.51899409
143,12/1/2020,1,20.0838476,20.5837392,20.5724468,20.5605232,20.6222713,20.1317503,0.004566152,"{""type"":""MultiPoint"",""coordinates"":[]}",8959.98,5.51899623
144,1/1/2020,2,23.7575502,24.2837724,24.2786497,24.3132485,24.4565234,23.5943687,0.008836556,"{""type"":""MultiPoint"",""coordinates"":[]}",1808.83,4.569714271
145,2/1/2020,2,23.9437361,24.4631983,24.439641,24.3870308,24.4097773,23.7858505,0.010471106,"{""type"":""MultiPoint"",""coordinates"":[]}",2651.17,4.569722146
146,3/1/2020,2,24.2518793,24.8368381,24.8128609,24.7229769,24.4983633,23.9913504,0.011877683,"{""type"":""MultiPoint"",""coordinates"":[]}",3205.28,3.928279919
147,4/1/2020,2,24.1109707,24.6726724,24.6719663,24.6560015,24.5763944,23.8481887,0.016551361,"{""type"":""MultiPoint"",""coordinates"":[]}",7378.22,4.16533246
148,5/1/2020,2,24.1123893,24.626207,24.6121016,24.5977053,24.5969139,24.0001937,0.011847946,"{""type"":""MultiPoint"",""coordinates"":[]}",5090.04,4.157306675
149,6/1/2020,2,23.4132619,24.0139974,24.0935789,24.302294,24.5526192,23.4037935,0.008769237,"{""type"":""MultiPoint"",""coordinates"":[]}",1246.91,4.289336085
150,7/1/2020,2,23.1620181,23.741592,23.7836785,23.9506003,24.3191254,23.1626508,0.00438077,"{""type"":""MultiPoint"",""coordinates"":[]}",1223.23,4.155981381
151,8/1/2020,2,23.9311715,24.4629665,24.4040621,24.2652797,24.2050282,23.9905497,0.004430184,"{""type"":""MultiPoint"",""coordinates"":[]}",1529.54,4.159071133
152,9/1/2020,2,23.6106222,24.1860985,24.1961907,24.2288637,24.2510622,23.5025029,0.010538701,"{""type"":""MultiPoint"",""coordinates"":[]}",945.76,4.482912262
153,10/1/2020,2,23.6270703,24.2079589,24.2151146,24.2293548,24.2234688,23.4180686,0.012954029,"{""type"":""MultiPoint"",""coordinates"":[]}",1987.82,5.086930931
154,11/1/2020,2,23.3637115,23.9181077,23.9584427,24.0793429,24.1984163,23.2307511,0.01055276,"{""type"":""MultiPoint"",""coordinates"":[]}",5558.66,4.835846086
155,12/1/2020,2,23.5854076,24.1538811,24.1577449,24.1429856,24.1500216,23.4859326,0.006160012,"{""type"":""MultiPoint"",""coordinates"":[]}",1497.4,5.339466553
156,1/1/2020,3,25.947627,26.5449622,26.556142,26.6521425,26.9742587,25.5959605,0.00803581,"{""type"":""MultiPoint"",""coordinates"":[]}",706.48,2.83521952
157,2/1/2020,3,26.073636,26.6586033,26.6514774,26.6734002,26.848044,25.7231545,0.009580383,"{""type"":""MultiPoint"",""coordinates"":[]}",1050.98,3.00614971
158,3/1/2020,3,26.5677969,27.2024215,27.1733528,27.0597982,26.8709048,26.036321,0.011284006,"{""type"":""MultiPoint"",""coordinates"":[]}",3817.78,2.858668224
159,4/1/2020,3,26.3971931,27.0391453,27.0436065,27.0234041,26.9345369,25.8781869,0.014568496,"{""type"":""MultiPoint"",""coordinates"":[]}",2459.76,2.994084281
160,5/1/2020,3,26.3378226,26.9249765,26.9169808,26.9261962,26.949694,26.0264538,0.010898938,"{""type"":""MultiPoint"",""coordinates"":[]}",2339.02,3.11861017
161,6/1/2020,3,25.5605504,26.2079976,26.297633,26.5529569,26.8795597,25.4027026,0.007001309,"{""type"":""MultiPoint"",""coordinates"":[]}",747.71,2.688830552
162,7/1/2020,3,25.2489015,25.8718241,25.9296949,26.1468387,26.6232323,25.087311,0.004257347,"{""type"":""MultiPoint"",""coordinates"":[]}",1034.4,3.149721385
163,8/1/2020,3,26.2809361,26.8302308,26.7453167,26.5507163,26.485128,26.1296181,0.003466394,"{""type"":""MultiPoint"",""coordinates"":[]}",367.87,3.961128459
164,9/1/2020,3,25.966402,26.6013906,26.6254956,26.6661459,26.5785574,25.6826087,0.007957181,"{""type"":""MultiPoint"",""coordinates"":[]}",342.11,3.944995387
165,10/1/2020,3,26.1646548,26.7799037,26.7444777,26.6523169,26.5791024,25.7071028,0.011186075,"{""type"":""MultiPoint"",""coordinates"":[]}",3937.79,4.159798443
166,11/1/2020,3,25.769003,26.3811032,26.422074,26.5518095,26.6137235,25.40197,0.00850303,"{""type"":""MultiPoint"",""coordinates"":[]}",2742.95,3.97310177
167,12/1/2020,3,25.9579937,26.5887854,26.6164982,26.6226384,26.5979843,25.673197,0.006613014,"{""type"":""MultiPoint"",""coordinates"":[]}",1612.37,4.045387259
168,1/1/2020,4,26.5120441,27.1230743,27.1410412,27.265896,27.7130465,26.1431699,0.005440208,"{""type"":""MultiPoint"",""coordinates"":[]}",0,0
169,2/1/2020,4,26.6331544,27.2400364,27.2439535,27.2963508,27.5418722,26.2645479,0.005486055,"{""type"":""MultiPoint"",""coordinates"":[]}",3851.31,4.515599902
170,3/1/2020,4,27.2466391,27.8634713,27.8245359,27.7006883,27.5369818,26.6480584,0.009239788,"{""type"":""MultiPoint"",""coordinates"":[]}",944.11,3.045810885
171,4/1/2020,4,27.0489059,27.6895287,27.6982287,27.6873092,27.5979624,26.449039,0.011843377,"{""type"":""MultiPoint"",""coordinates"":[]}",243.89,4.515645251
172,5/1/2020,4,27.045996,27.6072231,27.5977369,27.5960452,27.6100504,26.6708283,0.008632394,"{""type"":""MultiPoint"",""coordinates"":[]}",1306.93,4.48823792
173,6/1/2020,4,26.1847628,26.8162931,26.9107755,27.1924277,27.5439015,26.0273396,0.006383851,"{""type"":""MultiPoint"",""coordinates"":[]}",1091.1,4.489015058
174,7/1/2020,4,25.9144173,26.5268118,26.5795592,26.7772079,27.2707342,25.7033287,0.004201559,"{""type"":""MultiPoint"",""coordinates"":[]}",3637.05,4.471361306
175,8/1/2020,4,27.2472053,27.7706958,27.6435075,27.3457756,27.1577125,27.0946746,0.002206179,"{""type"":""MultiPoint"",""coordinates"":[]}",1221.69,4.489031784
176,9/1/2020,4,26.5979511,27.2431025,27.3044603,27.4207598,27.3070068,26.3096736,0.006944605,"{""type"":""MultiPoint"",""coordinates"":[]}",3281.79,4.369428024
177,10/1/2020,4,26.9115152,27.5078584,27.4609045,27.3419298,27.2899454,26.4261481,0.010519393,"{""type"":""MultiPoint"",""coordinates"":[]}",9364.3,4.369429902
178,11/1/2020,4,26.4021588,27.0212424,27.0785646,27.2517196,27.3333487,25.9727205,0.008362523,"{""type"":""MultiPoint"",""coordinates"":[]}",2483.32,4.369426752
179,12/1/2020,4,26.5683117,27.192298,27.2329822,27.2658384,27.2883879,26.2531107,0.00546042,"{""type"":""MultiPoint"",""coordinates"":[]}",3008.88,4.369434521
180,1/1/2020,5,26.2356814,26.7839071,26.8016055,26.9169868,27.359521,26.1228163,0.006982914,"{""type"":""MultiPoint"",""coordinates"":[]}",348.41,5.026110791
181,2/1/2020,5,26.4373554,26.9833837,26.9774366,27.0044224,27.2004854,26.2993429,0.006586729,"{""type"":""MultiPoint"",""coordinates"":[]}",252.86,5.026038561
182,3/1/2020,5,26.9948112,27.5322833,27.5008592,27.3929615,27.2221517,26.6991336,0.009959186,"{""type"":""MultiPoint"",""coordinates"":[]}",4608.93,5.026095965
183,4/1/2020,5,26.7073153,27.2595208,27.2766442,27.3005626,27.2675052,26.4019663,0.011473769,"{""type"":""MultiPoint"",""coordinates"":[]}",636.96,5.02611852
184,5/1/2020,5,26.8031709,27.2818388,27.2654317,27.2426398,27.2583372,26.6398998,0.00910422,"{""type"":""MultiPoint"",""coordinates"":[]}",1700.76,4.260420842
185,6/1/2020,5,26.0057764,26.5533396,26.6344306,26.8828426,27.2024279,25.960703,0.007831506,"{""type"":""MultiPoint"",""coordinates"":[]}",129.94,4.260327869
186,7/1/2020,5,25.728537,26.2794075,26.3261059,26.4851173,26.9315657,25.6540337,0.004889055,"{""type"":""MultiPoint"",""coordinates"":[]}",1252.99,4.260421625
187,8/1/2020,5,27.2199473,27.6936996,27.553385,27.2101687,26.8800233,27.1457484,0.002260469,"{""type"":""MultiPoint"",""coordinates"":[]}",3799.19,4.260423442
188,9/1/2020,5,26.374605,26.9526832,27.0196317,27.1570856,27.0653428,26.2611752,0.007417271,"{""type"":""MultiPoint"",""coordinates"":[]}",1115.84,3.624269196
189,10/1/2020,5,26.6698667,27.1891059,27.1582338,27.0741981,27.0408268,26.4637415,0.009041368,"{""type"":""MultiPoint"",""coordinates"":[]}",3338.83,3.624278147
190,11/1/2020,5,26.1379796,26.6579144,26.7097665,26.8850835,27.0457229,25.9639015,0.00864593,"{""type"":""MultiPoint"",""coordinates"":[]}",4120.4,3.624273237
191,12/1/2020,5,26.3333491,26.891462,26.9280507,26.9618355,26.981629,26.2165546,0.005901665,"{""type"":""MultiPoint"",""coordinates"":[]}",469.49,3.624285935
192,1/1/2020,6,26.2566478,26.7449826,26.7427166,26.7920851,27.0918126,26.3116762,0.008301547,"{""type"":""MultiPoint"",""coordinates"":[]}",225.35,4.276091082
193,2/1/2020,6,26.5329245,27.0280674,27.0025082,26.9694726,27.0164933,26.539823,0.007149854,"{""type"":""MultiPoint"",""coordinates"":[]}",14142.43,4.276009179
194,3/1/2020,6,26.9950914,27.4897114,27.459841,27.3420924,27.1024674,26.8952429,0.009661503,"{""type"":""MultiPoint"",""coordinates"":[]}",12813.96,4.276009357
195,4/1/2020,6,26.6911845,27.1660154,27.1851318,27.2140073,27.1679255,26.5975746,0.011120286,"{""type"":""MultiPoint"",""coordinates"":[]}",9406.02,4.276007856
196,5/1/2020,6,26.8683313,27.2628934,27.2331932,27.1784841,27.1691785,26.8847586,0.009328142,"{""type"":""MultiPoint"",""coordinates"":[]}",5562.04,4.816661615
197,6/1/2020,6,26.1666943,26.6128464,26.6684727,26.865043,27.1342741,26.2232255,0.008632472,"{""type"":""MultiPoint"",""coordinates"":[]}",1036.45,4.816665118
198,7/1/2020,6,25.9031794,26.3866434,26.4256645,26.5469539,26.9036167,25.9476097,0.006282198,"{""type"":""MultiPoint"",""coordinates"":[]}",3968.4,4.816662419
199,8/1/2020,6,27.1712174,27.6282047,27.5276404,27.2628076,26.901801,27.1695826,0.003249858,"{""type"":""MultiPoint"",""coordinates"":[]}",2280.64,4.816659275
200,9/1/2020,6,26.2699776,26.7787378,26.848237,26.9980175,27.033692,26.2770889,0.009146789,"{""type"":""MultiPoint"",""coordinates"":[]}",7564.1,4.796116997
201,10/1/2020,6,26.62633,27.0580247,27.0326552,26.9750039,26.9744036,26.5601025,0.009111137,"{""type"":""MultiPoint"",""coordinates"":[]}",279.28,4.796153186
202,11/1/2020,6,26.1361421,26.5817252,26.6303174,26.7969928,26.9627927,26.1169289,0.010115159,"{""type"":""MultiPoint"",""coordinates"":[]}",0,0
203,12/1/2020,6,26.2979982,26.7837145,26.8121808,26.8473095,26.8919587,26.3358063,0.006905978,"{""type"":""MultiPoint"",""coordinates"":[]}",0,0
204,1/1/2020,7,25.9116666,26.5093748,26.5176218,26.5952163,26.9256734,25.8680899,0.005400335,"{""type"":""MultiPoint"",""coordinates"":[]}",200.43,5.299576943
205,2/1/2020,7,26.0354938,26.6422859,26.6298577,26.6373321,26.8021992,25.9724354,0.005496153,"{""type"":""MultiPoint"",""coordinates"":[]}",4101.98,5.299647291
206,3/1/2020,7,26.6011518,27.1944661,27.1518196,27.0256892,26.8396368,26.3663424,0.008559929,"{""type"":""MultiPoint"",""coordinates"":[]}",2082.82,5.299661586
207,4/1/2020,7,26.3685875,26.9830021,26.9991558,27.0017535,26.9091148,26.0985246,0.011933843,"{""type"":""MultiPoint"",""coordinates"":[]}",733.15,5.299624115
208,5/1/2020,7,26.5652946,27.0854094,27.0513049,26.9850336,26.9323185,26.4349996,0.008189827,"{""type"":""MultiPoint"",""coordinates"":[]}",1199.88,3.950612406
209,6/1/2020,7,25.8088773,26.4141987,26.4869565,26.7041707,26.9284932,25.8476505,0.006126329,"{""type"":""MultiPoint"",""coordinates"":[]}",4438.23,3.950606624
210,7/1/2020,7,25.5755663,26.1833913,26.2207695,26.3577085,26.7272559,25.5447412,0.004928469,"{""type"":""MultiPoint"",""coordinates"":[]}",12278.71,3.950602627
211,8/1/2020,7,26.6941676,27.2641664,27.1671781,26.9223509,26.677179,26.770094,0.002792702,"{""type"":""MultiPoint"",""coordinates"":[]}",4052.77,3.950607295
212,9/1/2020,7,25.9426589,26.5813883,26.649015,26.7929126,26.7903035,25.8352982,0.007874119,"{""type"":""MultiPoint"",""coordinates"":[]}",444.82,3.471901342
213,10/1/2020,7,26.351298,26.9233135,26.8744793,26.7652454,26.7428986,26.1286216,0.009181515,"{""type"":""MultiPoint"",""coordinates"":[]}",982.96,3.471884713
214,11/1/2020,7,25.759233,26.3619729,26.429744,26.6266091,26.7608709,25.5858424,0.009742079,"{""type"":""MultiPoint"",""coordinates"":[]}",1301.99,3.47188075
215,12/1/2020,7,25.9620268,26.561576,26.5925597,26.6262071,26.6885197,25.8999215,0.004637536,"{""type"":""MultiPoint"",""coordinates"":[]}",279.52,3.471866849
216,1/1/2020,8,26.0296647,26.5465514,26.5275308,26.5379894,26.75054,25.8499335,0.006326949,"{""type"":""MultiPoint"",""coordinates"":[]}",748.83,3.917909276
217,2/1/2020,8,26.1237126,26.6480362,26.6267235,26.5965596,26.6806296,25.9946716,0.005290201,"{""type"":""MultiPoint"",""coordinates"":[]}",2618.42,4.201370281
218,3/1/2020,8,26.6964915,27.2319252,27.1869973,27.0466446,26.7690546,26.3693658,0.009075498,"{""type"":""MultiPoint"",""coordinates"":[]}",1943.94,4.201387538
219,4/1/2020,8,26.2906616,26.8548032,26.8817157,26.9129186,26.8512321,25.9700342,0.013100104,"{""type"":""MultiPoint"",""coordinates"":[]}",2409.03,4.154646109
220,5/1/2020,8,26.5496927,27.0211715,26.982943,26.9051161,26.8608035,26.3782213,0.008300835,"{""type"":""MultiPoint"",""coordinates"":[]}",2386.44,4.641885978
221,6/1/2020,8,25.8193588,26.3694428,26.4310663,26.6228872,26.8501657,25.7728438,0.006155212,"{""type"":""MultiPoint"",""coordinates"":[]}",310.81,4.680873494
222,7/1/2020,8,25.5047076,26.0600121,26.10569,26.2722434,26.6445834,25.4705198,0.005012431,"{""type"":""MultiPoint"",""coordinates"":[]}",2692.79,4.680833681
223,8/1/2020,8,26.5425448,27.0517372,26.9772954,26.775221,26.5732616,26.5416113,0.003126539,"{""type"":""MultiPoint"",""coordinates"":[]}",3016.1,4.680841158
224,9/1/2020,8,25.9629524,26.5265389,26.5646452,26.6596248,26.669287,25.7722695,0.009387985,"{""type"":""MultiPoint"",""coordinates"":[]}",2835.64,4.796251818
225,10/1/2020,8,26.1258425,26.6556149,26.6393288,26.5978317,26.6141889,25.8978022,0.010304631,"{""type"":""MultiPoint"",""coordinates"":[]}",3163.51,4.796249128
226,11/1/2020,8,25.6842632,26.2187205,26.2751491,26.452303,26.6063793,25.4687249,0.012003995,"{""type"":""MultiPoint"",""coordinates"":[]}",1719.75,4.761080812
227,12/1/2020,8,26.0845676,26.6218277,26.6307845,26.5945863,26.5519666,25.9651836,0.00449687,"{""type"":""MultiPoint"",""coordinates"":[]}",2149.53,4.796238035
228,1/1/2020,9,25.0361543,25.5196495,25.5016434,25.5115507,25.6896754,24.8105265,0.00690229,"{""type"":""MultiPoint"",""coordinates"":[]}",122.65,3.885017422
229,2/1/2020,9,25.1802218,25.6823605,25.6625159,25.623082,25.6471833,24.9992268,0.00742934,"{""type"":""MultiPoint"",""coordinates"":[]}",490.12,3.884908053
230,3/1/2020,9,25.6873833,26.2174641,26.170535,26.0258744,25.7495317,25.3436985,0.009904766,"{""type"":""MultiPoint"",""coordinates"":[]}",1291.53,3.87288593
231,4/1/2020,9,25.3901973,25.938299,25.955634,25.967869,25.8581925,25.056878,0.014932003,"{""type"":""MultiPoint"",""coordinates"":[]}",1914.75,3.789858084
232,5/1/2020,9,25.4664776,25.9299013,25.9045503,25.8653595,25.8699565,25.3306023,0.01039655,"{""type"":""MultiPoint"",""coordinates"":[]}",5154.57,3.769117712
233,6/1/2020,9,24.7519372,25.3107708,25.3836239,25.590113,25.8339514,24.7399356,0.007127683,"{""type"":""MultiPoint"",""coordinates"":[]}",2867.37,3.742423451
234,7/1/2020,9,24.5198169,25.0633114,25.0992571,25.2546432,25.613605,24.5039953,0.00461735,"{""type"":""MultiPoint"",""coordinates"":[]}",1889.66,3.740419636
235,8/1/2020,9,25.3067591,25.8017493,25.7509279,25.6157816,25.5201331,25.3343031,0.003997312,"{""type"":""MultiPoint"",""coordinates"":[]}",1390.15,3.745217954
236,9/1/2020,9,24.9424635,25.4776545,25.4927641,25.5351061,25.5666086,24.7876251,0.010997908,"{""type"":""MultiPoint"",""coordinates"":[]}",1385.32,3.649035929
237,10/1/2020,9,25.0063238,25.5322236,25.5297526,25.5272314,25.5310151,24.8191785,0.011207074,"{""type"":""MultiPoint"",""coordinates"":[]}",845.71,3.547441275
238,11/1/2020,9,24.6380024,25.166294,25.2222648,25.379679,25.5139425,24.4791822,0.012396274,"{""type"":""MultiPoint"",""coordinates"":[]}",1222.55,3.547427676
239,12/1/2020,9,24.8893441,25.4105293,25.4174525,25.4106348,25.4413533,24.7531383,0.005380355,"{""type"":""MultiPoint"",""coordinates"":[]}",1280.99,3.565337193
240,1/1/2020,71,26.3335481,26.9342366,26.9555297,27.079026,27.5200318,26.0856512,0.005857287,"{""type"":""MultiPoint"",""coordinates"":[]}",0,0
241,2/1/2020,71,26.497795,27.1035353,27.1041358,27.1394682,27.3445558,26.2245292,0.006379522,"{""type"":""MultiPoint"",""coordinates"":[]}",0,0
242,3/1/2020,71,27.1780819,27.7460926,27.6985369,27.5605938,27.3662009,26.6846258,0.010087574,"{""type"":""MultiPoint"",""coordinates"":[]}",0,0
243,4/1/2020,71,26.9484285,27.5298806,27.5416554,27.5461489,27.4483682,26.4157292,0.01106247,"{""type"":""MultiPoint"",""coordinates"":[]}",0,0
244,5/1/2020,71,26.9686671,27.4798263,27.4682295,27.4535127,27.4609627,26.6108452,0.008675322,"{""type"":""MultiPoint"",""coordinates"":[]}",1205.06,4.260420718
245,6/1/2020,71,26.0858883,26.6875792,26.7813362,27.0515981,27.3948765,25.9174564,0.007396754,"{""type"":""MultiPoint"",""coordinates"":[]}",0,0
246,7/1/2020,71,25.8263169,26.4010287,26.4445092,26.6140414,27.0871454,25.6150125,0.004554698,"{""type"":""MultiPoint"",""coordinates"":[]}",0,0
247,8/1/2020,71,27.150752,27.6914311,27.5738688,27.2788866,27.0041417,27.0890947,0.001706532,"{""type"":""MultiPoint"",""coordinates"":[]}",0,0
248,9/1/2020,71,26.4588052,27.0679797,27.1232497,27.2437113,27.1732021,26.2306163,0.006352305,"{""type"":""MultiPoint"",""coordinates"":[]}",16.35,4.313984169
249,10/1/2020,71,26.8026175,27.3647316,27.3216642,27.2081978,27.1506977,26.4467944,0.009192583,"{""type"":""MultiPoint"",""coordinates"":[]}",906.8,4.313576253
250,11/1/2020,71,26.2140062,26.7739241,26.832816,27.0233574,27.1775599,25.9134488,0.007929598,"{""type"":""MultiPoint"",""coordinates"":[]}",340.34,4.31356147
251,12/1/2020,71,26.4090227,27.0033749,27.0399878,27.0758288,27.1028427,26.1920016,0.005454871,"{""type"":""MultiPoint"",""coordinates"":[]}",223.27,4.313562597
252,1/1/2020,72,21.1206616,21.5422009,21.5170158,21.4877972,21.4380113,21.0759539,0.010891474,"{""type"":""MultiPoint"",""coordinates"":[]}",2806.88,5.935838603
253,2/1/2020,72,21.5036059,21.9255604,21.8706811,21.6912073,21.5082535,21.431741,0.014665353,"{""type"":""MultiPoint"",""coordinates"":[]}",3396.31,5.935840747
254,3/1/2020,72,21.4879988,21.9805876,21.9725721,21.9337941,21.6841326,21.425303,0.01536853,"{""type"":""MultiPoint"",""coordinates"":[]}",2165.45,5.93582961
255,4/1/2020,72,21.4619984,21.8992361,21.8927393,21.8610145,21.7712865,21.3308079,0.014459772,"{""type"":""MultiPoint"",""coordinates"":[]}",3599.07,5.935827025
256,5/1/2020,72,21.5548668,21.9572661,21.9266489,21.8577566,21.801359,21.6082924,0.0127473,"{""type"":""MultiPoint"",""coordinates"":[]}",11215.61,6.178480336
257,6/1/2020,72,21.0127209,21.5122306,21.5610544,21.692183,21.8265447,21.0349809,0.011177621,"{""type"":""MultiPoint"",""coordinates"":[]}",2144.86,6.178481924
258,7/1/2020,72,20.6792786,21.213008,21.274025,21.4326217,21.6783545,20.6644669,0.010114036,"{""type"":""MultiPoint"",""coordinates"":[]}",3173.7,6.178480347
259,8/1/2020,72,21.1880179,21.6851849,21.6420881,21.5625803,21.5646005,21.2125664,0.007460421,"{""type"":""MultiPoint"",""coordinates"":[]}",1126.65,6.178502879
260,9/1/2020,72,20.6170412,21.1190145,21.1580502,21.2878818,21.5122856,20.5651524,0.016442218,"{""type"":""MultiPoint"",""coordinates"":[]}",1239.58,6.257660659
261,10/1/2020,72,20.5500067,21.0496555,21.0968049,21.2158942,21.3788109,20.5156402,0.010466784,"{""type"":""MultiPoint"",""coordinates"":[]}",3199.97,6.257641238
262,11/1/2020,72,20.5230718,20.9654149,20.9944938,21.0860267,21.2594273,20.4939983,0.015240491,"{""type"":""MultiPoint"",""coordinates"":[]}",3522.31,6.257657049
263,12/1/2020,72,20.4990605,21.0234596,21.0191011,21.0354602,21.1664253,20.6638595,0.004422171,"{""type"":""MultiPoint"",""coordinates"":[]}",3352.85,6.257652109
